{"cameraMode":{"drawMode":0,"name":"Shaded","section":"Shading Mode"},"sceneLighting":false,"audioPlay":false,"sceneViewState":{"showFog":false,"showMaterialUpdate":false,"showSkybox":false,"showFlares":false,"showImageEffects":false,"showParticleSystems":false},"in2DMode":false,"pivot":{"x":0.5249999761581421,"y":2.2899999618530275,"z":1.5538474321365357},"rotation":{"x":0.1700202077627182,"y":-0.20961135625839234,"z":0.03703916817903519,"w":0.9621779918670654},"size":3.3939526081085207,"orthographic":false}