{"cameraMode":{"drawMode":0,"name":"Shaded","section":"Shading Mode"},"sceneLighting":false,"audioPlay":false,"sceneViewState":{"showFog":false,"showMaterialUpdate":false,"showSkybox":true,"showFlares":false,"showImageEffects":false,"showParticleSystems":false},"in2DMode":false,"pivot":{"x":-1.4762938022613526,"y":3.6968209743499758,"z":0.12334728240966797},"rotation":{"x":0.31299200654029848,"y":0.253629207611084,"z":-0.08712894469499588,"w":0.9111088514328003},"size":1.683086633682251,"orthographic":false}