{"cameraMode":{"drawMode":0,"name":"Shaded","section":"Shading Mode"},"sceneLighting":false,"audioPlay":false,"sceneViewState":{"showFog":false,"showMaterialUpdate":false,"showSkybox":true,"showFlares":false,"showImageEffects":false,"showParticleSystems":false},"in2DMode":false,"pivot":{"x":-5.9491095542907719,"y":6.05873966217041,"z":4.97178316116333},"rotation":{"x":0.31299200654029848,"y":0.253629207611084,"z":-0.08712894469499588,"w":0.9111088514328003},"size":34472888.0,"orthographic":false}